{
	"class_name" : "PinholeCameraParameters",
	"extrinsic" : 
	[
		-0.9623770259373986,
		-0.20721048921231114,
		-0.17576766798328519,
		0.0,
		0.19542780360520703,
		-0.97727732262358835,
		0.082079280355736903,
		0.0,
		-0.18878144380720341,
		0.044641324421053334,
		0.98100393405327491,
		0.0,
		-1128.2666377675373,
		1058.0785308137281,
		3111.9577440573471,
		1.0
	],
	"intrinsic" : 
	{
		"height" : 1009,
		"intrinsic_matrix" : 
		[
			873.8196324184986,
			0.0,
			0.0,
			0.0,
			873.8196324184986,
			0.0,
			959.5,
			504.0,
			1.0
		],
		"width" : 1920
	},
	"version_major" : 1,
	"version_minor" : 0
}